Temp,Humidity,Lower Light State,Middle Light State,Exhaust Fan State,Breeze Fan State,Heater State,Datetime
74.12,27.5,1,1,0,0,0,13:40:00 12/21/20 MST
72.5,32.1,1,1,0,0,0,13:50:00 12/21/20 MST
72.68,33.5,0,0,0,0,0,14:00:00 12/21/20 MST
68.18,45.3,0,0,0,1,1,14:10:00 12/21/20 MST
60.8,46.2,0,0,0,1,1,15:30:00 12/21/20 MST
69.26,32.6,0,0,0,1,1,15:40:00 12/21/20 MST
69.62,33.2,0,0,0,1,1,15:50:00 12/21/20 MST
75.56,25.2,0,0,0,0,0,16:00:00 12/21/20 MST
67.1,33.4,0,0,0,1,1,16:10:00 12/21/20 MST
71.78,31.4,0,0,0,0,0,16:20:00 12/21/20 MST
72.86,26.8,0,0,0,0,0,16:30:00 12/21/20 MST
78.08,25.2,0,0,0,0,0,16:40:00 12/21/20 MST
68.0,33.5,0,0,0,1,1,16:50:00 12/21/20 MST
70.88,31.4,0,0,0,0,0,17:00:00 12/21/20 MST
ERR,ERR,0,0,0,1,1,17:10:00 12/21/20 MST
73.76,28.4,0,0,0,0,0,17:20:00 12/21/20 MST
75.56,25.4,0,0,0,0,0,17:30:00 12/21/20 MST
68.0,37.9,0,0,0,1,1,17:40:00 12/21/20 MST
ERR,ERR,0,0,0,0,0,17:50:00 12/21/20 MST
71.6,26.7,0,0,0,0,0,18:00:00 12/21/20 MST
68.72,28.2,0,0,0,1,1,18:10:00 12/21/20 MST
69.26,29.8,0,0,0,1,1,18:20:00 12/21/20 MST
71.24,29.4,0,0,0,0,0,18:30:00 12/21/20 MST
70.88,27.5,0,0,0,0,0,18:40:00 12/21/20 MST
75.02,26.4,0,0,0,0,0,18:50:00 12/21/20 MST
68.72,32.4,0,0,0,1,1,19:00:00 12/21/20 MST
70.16,29.5,0,0,0,0,0,19:10:00 12/21/20 MST
70.88,27.7,0,0,0,0,0,19:20:00 12/21/20 MST
74.3,25.6,0,0,0,0,0,19:30:00 12/21/20 MST
68.0,32.8,0,0,0,1,1,19:40:00 12/21/20 MST
68.72,30.0,0,0,0,1,1,19:50:00 12/21/20 MST
77.54,21.2,1,1,0,0,0,20:00:00 12/21/20 MST
75.02,26.9,1,1,0,0,0,20:10:00 12/21/20 MST
74.48,30.6,1,1,0,0,0,20:20:00 12/21/20 MST
74.66,33.4,1,1,0,0,0,20:30:00 12/21/20 MST
75.2,31.8,1,1,0,0,0,20:40:00 12/21/20 MST
75.74,31.4,1,1,0,0,0,20:50:00 12/21/20 MST
75.74,31.6,1,1,0,0,0,21:00:00 12/21/20 MST
75.74,32.2,1,1,0,0,0,21:10:00 12/21/20 MST
76.1,31.7,1,1,0,0,0,21:20:00 12/21/20 MST
76.28,31.8,1,1,0,0,0,21:30:00 12/21/20 MST
76.1,33.1,1,1,0,0,0,21:40:00 12/21/20 MST
75.92,31.9,1,1,0,0,0,21:50:00 12/21/20 MST
76.1,32.1,1,1,0,0,0,22:00:00 12/21/20 MST
75.74,33.8,1,1,0,0,0,22:10:00 12/21/20 MST
75.92,32.6,1,1,0,0,0,22:20:01 12/21/20 MST
75.92,32.6,1,1,0,0,0,22:30:00 12/21/20 MST
75.74,33.3,1,1,0,0,0,22:40:00 12/21/20 MST
ERR,ERR,1,1,0,0,0,22:50:00 12/21/20 MST
75.74,34.0,1,1,0,0,0,23:00:00 12/21/20 MST
75.74,33.8,1,1,0,0,0,23:10:00 12/21/20 MST
76.1,33.7,1,1,0,0,0,23:20:00 12/21/20 MST
76.1,33.5,1,1,0,0,0,23:30:00 12/21/20 MST
75.56,27.5,1,1,0,0,0,23:40:00 12/21/20 MST
75.2,33.0,1,1,0,0,0,23:50:00 12/21/20 MST
75.74,34.1,1,1,0,0,0,00:00:00 12/22/20 MST
75.56,34.5,1,1,0,0,0,00:10:00 12/22/20 MST
75.38,35.0,1,1,0,0,0,00:20:00 12/22/20 MST
75.56,33.6,1,1,0,0,0,00:30:00 12/22/20 MST
75.56,34.8,1,1,0,0,0,00:40:00 12/22/20 MST
75.38,35.1,1,1,0,0,0,00:50:00 12/22/20 MST
75.74,33.6,1,1,0,0,0,01:00:00 12/22/20 MST
75.74,33.4,1,1,0,0,0,01:10:00 12/22/20 MST
75.56,33.6,1,1,0,0,0,01:20:00 12/22/20 MST
75.56,34.3,1,1,0,0,0,01:30:00 12/22/20 MST
75.74,34.1,1,1,0,0,0,01:40:00 12/22/20 MST
75.56,33.0,1,1,0,0,0,01:50:00 12/22/20 MST
75.38,34.8,1,1,0,0,0,02:00:00 12/22/20 MST
75.56,33.9,1,1,0,0,0,02:10:00 12/22/20 MST
75.74,34.0,1,1,0,0,0,02:20:00 12/22/20 MST
75.56,34.9,1,1,0,0,0,02:30:00 12/22/20 MST
75.2,34.1,1,1,0,0,0,02:40:00 12/22/20 MST
75.56,34.4,1,1,0,0,0,02:50:00 12/22/20 MST
75.56,33.2,1,1,0,0,0,03:00:00 12/22/20 MST
75.2,34.0,1,1,0,0,0,03:10:00 12/22/20 MST
75.2,34.2,1,1,0,0,0,03:20:00 12/22/20 MST
75.2,33.4,1,1,0,0,0,03:30:00 12/22/20 MST
74.84,34.2,1,1,0,0,0,03:40:00 12/22/20 MST
75.02,33.6,1,1,0,0,0,03:50:00 12/22/20 MST
75.2,33.5,1,1,0,0,0,04:00:00 12/22/20 MST
74.84,33.6,1,1,0,0,0,04:10:00 12/22/20 MST
75.02,33.7,1,1,0,0,0,04:20:00 12/22/20 MST
75.2,33.5,1,1,0,0,0,04:30:00 12/22/20 MST
75.2,33.5,1,1,0,0,0,04:40:00 12/22/20 MST
74.84,34.4,1,1,0,0,0,04:50:00 12/22/20 MST
75.2,34.4,1,1,0,0,0,05:00:00 12/22/20 MST
75.2,33.4,1,1,0,0,0,05:10:00 12/22/20 MST
75.02,34.4,1,1,0,0,0,05:20:00 12/22/20 MST
74.84,33.8,1,1,0,0,0,05:30:00 12/22/20 MST
75.2,33.7,1,1,0,0,0,05:40:00 12/22/20 MST
75.2,33.6,1,1,0,0,0,05:50:00 12/22/20 MST
74.84,34.2,1,1,0,0,0,06:00:00 12/22/20 MST
74.84,34.1,1,1,0,0,0,06:10:00 12/22/20 MST
75.2,33.4,1,1,0,0,0,06:20:00 12/22/20 MST
75.2,34.1,1,1,0,0,0,06:30:00 12/22/20 MST
74.84,33.7,1,1,0,0,0,06:40:00 12/22/20 MST
75.2,33.4,1,1,0,0,0,06:50:00 12/22/20 MST
75.2,34.5,1,1,0,0,0,07:00:00 12/22/20 MST
75.02,34.7,1,1,0,0,0,07:10:00 12/22/20 MST
74.84,33.2,1,1,0,0,0,07:20:00 12/22/20 MST
75.2,34.0,1,1,0,0,0,07:30:01 12/22/20 MST
75.2,33.4,1,1,0,0,0,07:40:00 12/22/20 MST
74.84,34.9,1,1,0,0,0,07:50:01 12/22/20 MST
75.02,33.8,1,1,0,0,0,08:00:00 12/22/20 MST
75.38,33.7,1,1,0,0,0,08:10:00 12/22/20 MST
75.2,33.5,1,1,0,0,0,08:20:00 12/22/20 MST
74.84,34.1,1,1,0,0,0,08:30:00 12/22/20 MST
74.84,32.2,1,1,0,0,0,08:40:00 12/22/20 MST
74.84,33.4,1,1,0,0,0,08:50:00 12/22/20 MST
74.48,33.0,1,1,0,0,0,09:00:00 12/22/20 MST
74.48,33.3,1,1,0,0,0,09:10:00 12/22/20 MST
74.66,33.5,1,1,0,0,0,09:20:00 12/22/20 MST
74.66,33.1,1,1,0,0,0,09:30:00 12/22/20 MST
74.66,33.3,1,1,0,0,0,09:40:00 12/22/20 MST
74.48,33.1,1,1,0,0,0,09:50:00 12/22/20 MST
74.66,34.4,1,1,0,0,0,10:00:00 12/22/20 MST
74.66,33.8,1,1,0,0,0,10:10:00 12/22/20 MST
75.02,34.5,1,1,0,0,0,10:20:00 12/22/20 MST
75.02,33.4,1,1,0,0,0,10:30:00 12/22/20 MST
74.84,34.8,1,1,0,0,0,10:40:00 12/22/20 MST
75.02,34.3,1,1,0,0,0,10:50:00 12/22/20 MST
75.2,33.5,1,1,0,0,0,11:00:00 12/22/20 MST
75.02,34.0,1,1,0,0,0,11:10:00 12/22/20 MST
75.2,33.7,1,1,0,0,0,11:20:00 12/22/20 MST
75.56,34.0,1,1,0,0,0,11:30:00 12/22/20 MST
75.56,34.1,1,1,0,0,0,11:40:00 12/22/20 MST
75.38,34.1,1,1,0,0,0,11:50:00 12/22/20 MST
75.74,34.0,1,1,0,0,0,12:00:00 12/22/20 MST
76.1,34.2,1,1,0,0,0,12:10:00 12/22/20 MST
76.1,34.1,1,1,0,0,0,12:20:00 12/22/20 MST
76.1,34.8,1,1,0,0,0,12:30:00 12/22/20 MST
76.46,33.2,1,1,0,0,0,12:40:00 12/22/20 MST
76.64,34.6,1,1,0,0,0,12:50:00 12/22/20 MST
76.46,35.1,1,1,0,0,0,13:00:00 12/22/20 MST
76.82,34.3,1,1,0,0,0,13:10:00 12/22/20 MST
77.18,34.8,1,1,0,0,0,13:20:00 12/22/20 MST
77.18,35.0,1,1,0,0,0,13:30:00 12/22/20 MST
77.0,34.3,1,1,0,0,0,13:40:00 12/22/20 MST
ERR,ERR,1,1,0,0,0,13:50:00 12/22/20 MST
73.22,35.1,0,0,0,0,0,14:00:00 12/22/20 MST
66.2,24.5,0,0,0,1,1,14:10:00 12/22/20 MST
72.86,30.6,0,0,0,0,0,14:20:00 12/22/20 MST
73.76,24.4,0,0,0,0,0,14:30:00 12/22/20 MST
68.54,44.0,0,0,0,1,1,14:40:00 12/22/20 MST
70.16,36.4,0,0,0,0,0,14:50:00 12/22/20 MST
75.38,25.0,0,0,0,0,0,15:00:00 12/22/20 MST
69.44,41.3,0,0,0,1,1,15:10:00 12/22/20 MST
70.52,37.7,0,0,0,0,0,15:20:00 12/22/20 MST
ERR,ERR,0,0,0,1,1,15:30:00 12/22/20 MST
73.76,32.2,0,0,0,0,0,15:40:00 12/22/20 MST
68.0,40.2,0,0,0,1,1,15:50:00 12/22/20 MST
72.86,23.4,0,0,0,0,0,16:00:00 12/22/20 MST
68.0,37.7,0,0,0,1,1,16:10:00 12/22/20 MST
72.32,32.9,0,0,0,0,0,16:20:00 12/22/20 MST
72.14,25.5,0,0,0,0,0,16:30:00 12/22/20 MST
74.84,25.0,0,0,0,0,0,16:40:00 12/22/20 MST
69.26,38.9,0,0,0,1,1,16:50:00 12/22/20 MST
71.42,37.5,0,0,0,0,0,17:00:00 12/22/20 MST
71.42,26.4,0,0,0,0,0,17:10:00 12/22/20 MST
75.38,24.7,0,0,0,0,0,17:20:00 12/22/20 MST
69.26,37.9,0,0,0,1,1,17:30:00 12/22/20 MST
73.04,23.9,0,0,0,0,0,17:40:00 12/22/20 MST
ERR,ERR,0,0,0,0,0,17:50:00 12/22/20 MST
66.02,41.5,0,0,0,1,1,18:00:01 12/22/20 MST
70.88,34.6,0,0,0,0,0,18:10:00 12/22/20 MST
72.32,26.0,0,0,0,0,0,18:20:00 12/22/20 MST
76.82,23.8,0,0,0,0,0,18:30:00 12/22/20 MST
68.9,37.3,0,0,0,1,1,18:40:00 12/22/20 MST
70.34,37.6,0,0,0,0,0,18:50:00 12/22/20 MST
76.28,24.4,0,0,0,0,0,19:00:00 12/22/20 MST
ERR,ERR,0,0,0,0,0,19:10:00 12/22/20 MST
72.5,25.5,0,0,0,0,0,19:20:00 12/22/20 MST
74.3,24.7,0,0,0,0,0,19:30:00 12/22/20 MST
67.82,38.7,0,0,0,1,1,19:40:00 12/22/20 MST
70.7,34.2,0,0,0,0,0,19:50:00 12/22/20 MST
ERR,ERR,1,1,0,1,1,20:00:00 12/22/20 MST
ERR,ERR,1,1,0,0,0,20:10:00 12/22/20 MST
73.76,34.5,1,1,0,0,0,20:20:00 12/22/20 MST
73.4,35.9,1,1,0,0,0,20:30:00 12/22/20 MST
73.4,36.7,1,1,0,0,0,20:40:00 12/22/20 MST
73.22,37.0,1,1,0,0,0,20:50:00 12/22/20 MST
73.4,37.5,1,1,0,0,0,21:00:01 12/22/20 MST
76.64,25.2,1,1,0,0,0,21:20:00 12/22/20 MST
77.72,27.4,1,1,0,0,0,21:30:00 12/22/20 MST
75.38,32.0,1,1,0,0,0,21:40:00 12/22/20 MST
76.28,23.2,1,1,0,0,0,21:50:00 12/22/20 MST
75.38,32.0,1,1,0,0,0,22:00:00 12/22/20 MST
78.98,21.8,1,1,0,0,0,22:10:00 12/22/20 MST
76.64,30.1,1,1,0,0,0,22:20:00 12/22/20 MST
75.02,33.9,1,1,0,0,0,22:30:00 12/22/20 MST
80.42,21.0,1,1,0,0,0,22:40:00 12/22/20 MST
77.18,30.0,1,1,0,0,0,22:50:00 12/22/20 MST
75.2,32.7,1,1,0,0,0,23:00:00 12/22/20 MST
77.36,21.0,1,1,0,0,0,23:10:00 12/22/20 MST
75.74,27.9,1,1,0,0,0,23:20:00 12/22/20 MST
78.08,19.4,1,1,0,0,0,23:30:00 12/22/20 MST
75.92,29.4,1,1,0,0,0,23:40:00 12/22/20 MST
74.12,31.0,1,1,0,1,1,23:50:00 12/22/20 MST
78.26,26.0,1,1,0,0,0,00:00:00 12/23/20 MST
75.2,30.0,1,1,0,0,0,00:10:00 12/23/20 MST
75.38,19.9,1,1,0,0,0,00:20:00 12/23/20 MST
70.88,25.7,1,1,0,1,1,00:30:00 12/23/20 MST
ERR,ERR,1,1,0,0,0,00:40:00 12/23/20 MST
ERR,ERR,1,1,0,0,0,00:50:00 12/23/20 MST
ERR,ERR,1,1,0,0,0,01:00:00 12/23/20 MST
ERR,ERR,1,1,0,0,0,01:10:00 12/23/20 MST
ERR,ERR,1,1,0,0,0,01:20:00 12/23/20 MST
ERR,ERR,1,1,0,0,0,01:30:00 12/23/20 MST
ERR,ERR,1,1,0,0,0,01:40:00 12/23/20 MST
ERR,ERR,1,1,0,0,0,01:50:00 12/23/20 MST
ERR,ERR,1,1,0,0,0,02:00:00 12/23/20 MST
ERR,ERR,1,1,0,0,0,02:10:00 12/23/20 MST
ERR,ERR,1,1,0,0,0,02:20:00 12/23/20 MST
ERR,ERR,1,1,0,0,0,02:30:00 12/23/20 MST
ERR,ERR,1,1,0,0,0,02:40:00 12/23/20 MST
ERR,ERR,1,1,0,0,0,02:50:00 12/23/20 MST
ERR,ERR,1,1,0,0,0,03:00:00 12/23/20 MST
ERR,ERR,1,1,0,0,0,03:10:00 12/23/20 MST
ERR,ERR,1,1,0,0,0,03:20:00 12/23/20 MST
ERR,ERR,1,1,0,0,0,03:30:00 12/23/20 MST
ERR,ERR,1,1,0,0,0,03:40:00 12/23/20 MST
ERR,ERR,1,1,0,0,0,03:50:00 12/23/20 MST
ERR,ERR,1,1,0,0,0,04:00:00 12/23/20 MST
ERR,ERR,1,1,0,0,0,04:10:00 12/23/20 MST
ERR,ERR,1,1,0,0,0,04:20:00 12/23/20 MST
ERR,ERR,1,1,0,0,0,04:30:00 12/23/20 MST
ERR,ERR,1,1,0,0,0,04:40:00 12/23/20 MST
ERR,ERR,1,1,0,0,0,04:50:00 12/23/20 MST
ERR,ERR,1,1,0,0,0,05:00:00 12/23/20 MST
ERR,ERR,1,1,0,0,0,05:10:00 12/23/20 MST
ERR,ERR,1,1,0,0,0,05:20:00 12/23/20 MST
ERR,ERR,1,1,0,0,0,05:30:00 12/23/20 MST
ERR,ERR,1,1,0,0,0,05:40:00 12/23/20 MST
ERR,ERR,1,1,0,0,0,05:50:00 12/23/20 MST
ERR,ERR,1,1,0,0,0,06:00:00 12/23/20 MST
ERR,ERR,1,1,0,0,0,06:10:00 12/23/20 MST
ERR,ERR,1,1,0,0,0,06:20:00 12/23/20 MST
ERR,ERR,1,1,0,0,0,06:30:00 12/23/20 MST
ERR,ERR,1,1,0,0,0,06:40:00 12/23/20 MST
ERR,ERR,1,1,0,0,0,06:50:00 12/23/20 MST
ERR,ERR,1,1,0,0,0,07:00:00 12/23/20 MST
ERR,ERR,1,1,0,0,0,07:10:00 12/23/20 MST
ERR,ERR,1,1,0,0,0,07:20:00 12/23/20 MST
ERR,ERR,1,1,0,0,0,07:30:00 12/23/20 MST
ERR,ERR,1,1,0,0,0,07:40:00 12/23/20 MST
ERR,ERR,1,1,0,0,0,07:50:00 12/23/20 MST
ERR,ERR,1,1,0,0,0,08:00:00 12/23/20 MST
ERR,ERR,1,1,0,0,0,08:10:00 12/23/20 MST
69.44,26.1,1,1,0,1,1,08:20:00 12/23/20 MST
75.92,15.3,1,1,0,0,0,08:30:00 12/23/20 MST
ERR,ERR,1,1,0,0,0,08:40:00 12/23/20 MST
71.42,17.5,1,1,0,1,1,08:50:00 12/23/20 MST
77.36,15.8,1,1,0,0,0,09:00:00 12/23/20 MST
74.84,23.0,1,1,0,1,1,09:10:00 12/23/20 MST
ERR,ERR,1,1,0,1,1,09:20:00 12/23/20 MST
77.0,16.0,1,1,0,0,0,09:30:00 12/23/20 MST
75.38,22.7,1,1,0,0,0,09:40:00 12/23/20 MST
73.94,17.2,1,1,0,1,1,09:50:00 12/23/20 MST
74.48,16.7,1,1,0,1,1,10:00:00 12/23/20 MST
77.54,18.8,1,1,0,0,0,10:10:00 12/23/20 MST
ERR,ERR,1,1,0,0,0,10:20:00 12/23/20 MST
72.86,18.1,1,1,0,1,1,10:30:00 12/23/20 MST
77.36,16.3,1,1,0,0,0,10:40:00 12/23/20 MST
75.2,22.7,1,1,0,0,0,10:50:00 12/23/20 MST
73.76,17.1,1,1,0,1,1,11:00:00 12/23/20 MST
73.94,16.8,1,1,0,1,1,11:10:00 12/23/20 MST
77.0,19.1,1,1,0,0,0,11:20:00 12/23/20 MST
76.1,16.9,1,1,0,0,0,11:30:00 12/23/20 MST
75.2,24.6,1,1,0,0,0,11:40:01 12/23/20 MST
73.58,18.2,1,1,0,1,1,11:50:00 12/23/20 MST
77.18,19.4,1,1,0,0,0,12:00:00 12/23/20 MST
ERR,ERR,1,1,0,0,0,12:10:00 12/23/20 MST
72.68,18.5,1,1,0,1,1,12:20:00 12/23/20 MST
75.74,20.7,1,1,0,0,0,12:30:00 12/23/20 MST
76.1,17.3,1,1,0,0,0,12:40:00 12/23/20 MST
75.02,25.7,1,1,0,0,0,12:50:00 12/23/20 MST
74.66,18.3,1,1,0,1,1,13:00:00 12/23/20 MST
ERR,ERR,1,1,0,0,0,13:10:00 12/23/20 MST
75.2,26.8,1,1,0,0,0,13:20:00 12/23/20 MST
73.04,18.5,1,1,0,1,1,13:30:00 12/23/20 MST
78.98,16.6,1,1,0,0,0,13:40:00 12/23/20 MST
76.46,23.9,1,1,0,0,0,13:50:00 12/23/20 MST
74.84,27.4,0,0,0,1,1,14:00:00 12/23/20 MST
71.06,18.8,0,0,0,1,1,14:10:00 12/23/20 MST
75.2,17.1,0,0,0,0,0,14:20:00 12/23/20 MST
71.06,18.7,0,0,0,1,1,14:30:00 12/23/20 MST
69.8,18.8,0,0,0,1,1,14:40:00 12/23/20 MST
73.76,16.8,0,0,0,1,1,14:50:00 12/23/20 MST
70.52,16.8,0,0,0,1,1,15:00:00 12/23/20 MST
71.06,17.4,0,0,0,1,1,15:10:00 12/23/20 MST
71.96,14.6,0,0,0,1,1,15:20:00 12/23/20 MST
69.44,15.9,0,0,0,1,1,15:30:00 12/23/20 MST
69.62,15.9,0,0,0,1,1,15:40:00 12/23/20 MST
71.78,15.4,0,0,0,1,1,15:50:00 12/23/20 MST
68.9,16.4,0,0,0,1,1,16:00:00 12/23/20 MST
70.88,17.0,0,0,0,1,1,16:10:00 12/23/20 MST
71.96,16.0,0,0,0,1,1,16:20:00 12/23/20 MST
68.9,17.0,0,0,0,1,1,16:30:00 12/23/20 MST
71.42,17.1,0,0,0,1,1,16:40:00 12/23/20 MST
71.96,16.3,0,0,0,1,1,16:50:00 12/23/20 MST
68.54,17.1,0,0,0,1,1,17:00:00 12/23/20 MST
71.78,16.9,0,0,0,1,1,17:10:00 12/23/20 MST
71.06,16.6,0,0,0,1,1,17:20:00 12/23/20 MST
68.18,17.7,0,0,0,1,1,17:30:00 12/23/20 MST
72.68,16.6,0,0,0,1,1,17:40:00 12/23/20 MST
70.7,16.8,0,0,0,1,1,17:50:00 12/23/20 MST
68.72,17.7,0,0,0,1,1,18:00:00 12/23/20 MST
72.5,16.4,0,0,0,1,1,18:10:00 12/23/20 MST
69.62,14.4,0,0,0,1,1,18:20:00 12/23/20 MST
68.9,17.0,0,0,0,1,1,18:30:00 12/23/20 MST
71.6,16.2,0,0,0,1,1,18:40:00 12/23/20 MST
68.72,16.9,0,0,0,1,1,18:50:00 12/23/20 MST
71.24,17.1,0,0,0,1,1,19:00:00 12/23/20 MST
70.52,16.4,0,0,0,1,1,19:10:00 12/23/20 MST
67.82,17.5,0,0,0,1,1,19:20:00 12/23/20 MST
71.96,16.5,0,0,0,1,1,19:30:00 12/23/20 MST
69.62,16.8,0,0,0,1,1,19:40:00 12/23/20 MST
ERR,ERR,0,0,0,1,1,19:50:00 12/23/20 MST
70.88,16.4,1,1,0,1,1,20:00:00 12/23/20 MST
71.24,15.9,1,1,0,1,1,20:10:00 12/23/20 MST
74.48,15.2,1,1,0,1,1,20:20:00 12/23/20 MST
73.22,15.3,1,1,0,1,1,20:30:00 12/23/20 MST
76.64,14.6,1,1,0,0,0,20:40:00 12/23/20 MST
74.66,22.9,1,1,0,1,1,20:50:00 12/23/20 MST
72.68,15.9,1,1,0,1,1,21:00:00 12/23/20 MST
76.1,17.9,1,1,0,0,0,21:10:00 12/23/20 MST
75.02,15.3,1,1,0,0,0,21:20:00 12/23/20 MST
73.94,23.6,1,1,0,1,1,21:30:00 12/23/20 MST
74.12,15.8,1,1,0,1,1,21:40:00 12/23/20 MST
77.18,17.5,1,1,0,0,0,21:50:00 12/23/20 MST
73.58,25.4,1,1,0,1,1,22:00:00 12/23/20 MST
72.14,16.2,1,1,0,1,1,22:10:00 12/23/20 MST
75.74,18.4,1,1,0,0,0,22:20:00 12/23/20 MST
ERR,ERR,1,1,0,1,1,22:30:00 12/23/20 MST
72.86,15.5,1,1,0,1,1,22:40:00 12/23/20 MST
77.18,14.3,1,1,0,0,0,22:50:00 12/23/20 MST
74.84,23.1,1,1,0,1,1,23:00:00 12/23/20 MST
72.68,15.8,1,1,0,1,1,23:10:00 12/23/20 MST
79.16,14.3,1,1,0,0,0,23:20:00 12/23/20 MST
ERR,ERR,1,1,0,0,0,23:30:00 12/23/20 MST
74.12,15.6,1,1,0,1,1,23:40:00 12/23/20 MST
73.04,15.5,1,1,0,1,1,23:50:00 12/23/20 MST
76.46,18.1,1,1,0,0,0,00:00:00 12/24/20 MST
75.2,15.2,1,1,0,0,0,00:10:00 12/24/20 MST
73.94,24.0,1,1,0,1,1,00:20:00 12/24/20 MST
74.12,15.7,1,1,0,1,1,00:30:00 12/24/20 MST
77.36,17.7,1,1,0,0,0,00:40:00 12/24/20 MST
73.94,24.7,1,1,0,1,1,00:50:00 12/24/20 MST
72.68,15.6,1,1,0,1,1,01:00:00 12/24/20 MST
74.48,16.8,1,1,0,1,1,01:10:00 12/24/20 MST
76.82,18.1,1,1,0,0,0,01:20:00 12/24/20 MST
73.76,25.0,1,1,0,1,1,01:30:00 12/24/20 MST
ERR,ERR,1,1,0,1,1,01:40:00 12/24/20 MST
75.92,18.4,1,1,0,0,0,01:50:00 12/24/20 MST
74.66,15.9,1,1,0,1,1,02:00:00 12/24/20 MST
72.86,15.5,1,1,0,1,1,02:10:00 12/24/20 MST
77.36,14.6,1,1,0,0,0,02:20:00 12/24/20 MST
75.02,22.1,1,1,0,0,0,02:30:00 12/24/20 MST
ERR,ERR,1,1,0,1,1,02:40:00 12/24/20 MST
74.12,15.9,1,1,0,1,1,02:50:00 12/24/20 MST
76.82,18.1,1,1,0,0,0,03:00:00 12/24/20 MST
73.94,16.0,1,1,0,1,1,03:10:00 12/24/20 MST
73.22,15.9,1,1,0,1,1,03:20:00 12/24/20 MST
ERR,ERR,1,1,0,0,0,03:30:00 12/24/20 MST
73.4,25.5,1,1,0,1,1,03:40:00 12/24/20 MST
71.96,16.2,1,1,0,1,1,03:50:00 12/24/20 MST
78.26,14.5,1,1,0,0,0,04:00:00 12/24/20 MST
75.38,21.6,1,1,0,0,0,04:10:00 12/24/20 MST
73.04,16.4,1,1,0,1,1,04:20:00 12/24/20 MST
ERR,ERR,1,1,0,1,1,04:30:00 12/24/20 MST
77.18,17.7,1,1,0,0,0,04:40:00 12/24/20 MST
74.48,15.8,1,1,0,1,1,04:50:00 12/24/20 MST
72.86,15.9,1,1,0,1,1,05:00:00 12/24/20 MST
77.54,14.5,1,1,0,0,0,05:10:00 12/24/20 MST
74.84,22.4,1,1,0,1,1,05:20:00 12/24/20 MST
72.68,16.0,1,1,0,1,1,05:30:01 12/24/20 MST
78.08,14.7,1,1,0,0,0,05:40:00 12/24/20 MST
75.02,22.6,1,1,0,0,0,05:50:00 12/24/20 MST
72.5,16.6,1,1,0,1,1,06:00:00 12/24/20 MST
74.3,15.8,1,1,0,1,1,06:10:00 12/24/20 MST
77.36,17.8,1,1,0,0,0,06:20:00 12/24/20 MST
73.76,25.8,1,1,0,1,1,06:30:00 12/24/20 MST
71.96,16.2,1,1,0,1,1,06:40:00 12/24/20 MST
77.72,14.9,1,1,0,0,0,06:50:00 12/24/20 MST
74.84,22.9,1,1,0,1,1,07:00:00 12/24/20 MST
73.58,15.7,1,1,0,1,1,07:10:00 12/24/20 MST
75.56,15.8,1,1,0,0,0,07:20:00 12/24/20 MST
74.12,23.3,1,1,0,1,1,07:30:00 12/24/20 MST
75.2,19.3,1,1,0,0,0,07:40:00 12/24/20 MST
ERR,ERR,1,1,0,1,1,07:50:00 12/24/20 MST
77.72,15.2,1,1,0,0,0,08:00:00 12/24/20 MST
75.02,22.5,1,1,0,0,0,08:10:00 12/24/20 MST
72.86,16.9,1,1,0,1,1,08:20:00 12/24/20 MST
73.58,16.4,1,1,0,1,1,08:30:00 12/24/20 MST
77.18,18.3,1,1,0,0,0,08:40:00 12/24/20 MST
73.58,25.9,1,1,0,1,1,08:50:00 12/24/20 MST
72.32,16.4,1,1,0,1,1,09:00:00 12/24/20 MST
77.9,15.4,1,1,0,0,0,09:10:00 12/24/20 MST
75.2,23.2,1,1,0,0,0,09:20:00 12/24/20 MST
73.22,16.9,1,1,0,1,1,09:30:00 12/24/20 MST
73.94,16.6,1,1,0,1,1,09:40:00 12/24/20 MST
77.72,18.0,1,1,0,0,0,09:50:00 12/24/20 MST
74.3,25.1,1,1,0,1,1,10:00:00 12/24/20 MST
73.04,16.7,1,1,0,1,1,10:10:00 12/24/20 MST
78.08,15.8,1,1,0,0,0,10:20:00 12/24/20 MST
75.92,23.1,1,1,0,0,0,10:30:00 12/24/20 MST
ERR,ERR,1,1,0,1,1,10:40:00 12/24/20 MST
74.3,17.0,1,1,0,1,1,10:50:00 12/24/20 MST
78.08,18.5,1,1,0,0,0,11:00:00 12/24/20 MST
75.02,26.0,1,1,0,0,0,11:10:00 12/24/20 MST
73.58,17.8,1,1,0,1,1,11:20:00 12/24/20 MST
75.56,17.2,1,1,0,0,0,11:30:00 12/24/20 MST
75.2,23.9,1,1,0,0,0,11:40:00 12/24/20 MST
74.84,17.7,1,1,0,1,1,11:50:00 12/24/20 MST
74.3,17.5,1,1,0,1,1,12:00:00 12/24/20 MST
78.08,19.9,1,1,0,0,0,12:10:00 12/24/20 MST
75.74,25.7,1,1,0,0,0,12:20:00 12/24/20 MST
75.02,28.6,1,1,0,0,0,12:30:00 12/24/20 MST
73.4,19.8,1,1,0,1,1,12:40:00 12/24/20 MST
77.72,21.3,1,1,0,0,0,12:50:00 12/24/20 MST
76.1,26.0,1,1,0,0,0,13:00:00 12/24/20 MST
75.56,28.4,1,1,0,0,0,13:10:00 12/24/20 MST
ERR,ERR,1,1,0,0,0,13:20:00 12/24/20 MST
76.46,19.0,1,1,0,0,0,13:30:00 12/24/20 MST
76.28,25.7,1,1,0,0,0,13:40:00 12/24/20 MST
75.56,28.0,1,1,0,0,0,13:50:00 12/24/20 MST
67.46,23.9,0,0,0,1,1,15:10:00 12/24/20 MST
69.26,20.9,0,0,0,1,1,15:20:00 12/24/20 MST
70.88,20.9,0,0,0,1,1,15:30:00 12/24/20 MST
73.4,19.3,0,0,0,1,1,15:40:00 12/24/20 MST
71.24,20.1,0,0,0,1,1,15:50:00 12/24/20 MST
74.3,20.2,0,0,0,1,1,16:00:00 12/24/20 MST
71.24,23.1,0,0,0,1,1,16:10:00 12/24/20 MST
71.42,19.4,0,0,0,1,1,16:20:00 12/24/20 MST
73.04,19.9,0,0,0,1,1,16:30:00 12/24/20 MST
71.24,22.8,0,0,0,1,1,16:40:00 12/24/20 MST
71.96,19.9,0,0,0,1,1,16:50:00 12/24/20 MST
72.68,20.5,0,0,0,1,1,17:00:00 12/24/20 MST
71.06,23.4,0,0,0,1,1,17:10:00 12/24/20 MST
71.96,20.1,0,0,0,1,1,17:20:00 12/24/20 MST
73.22,20.4,0,0,0,1,1,17:30:00 12/24/20 MST
71.06,23.5,0,0,0,1,1,17:40:00 12/24/20 MST
71.42,20.2,0,0,0,1,1,17:50:00 12/24/20 MST
74.12,20.1,0,0,0,1,1,18:00:00 12/24/20 MST
71.96,22.9,0,0,0,1,1,18:10:00 12/24/20 MST
72.68,19.9,0,0,0,1,1,18:20:00 12/24/20 MST
72.5,20.4,0,0,0,1,1,18:30:00 12/24/20 MST
71.6,23.3,0,0,0,1,1,18:40:00 12/24/20 MST
72.5,19.7,0,0,0,1,1,18:50:00 12/24/20 MST
72.32,20.4,0,0,0,1,1,19:00:00 12/24/20 MST
71.6,23.2,0,0,0,1,1,19:10:00 12/24/20 MST
72.68,19.5,0,0,0,1,1,19:20:00 12/24/20 MST
71.78,20.3,0,0,0,1,1,19:30:00 12/24/20 MST
71.6,23.2,0,0,0,1,1,19:40:00 12/24/20 MST
73.04,19.4,0,0,0,1,1,19:50:00 12/24/20 MST
71.24,20.4,1,1,0,1,1,20:00:00 12/24/20 MST
76.82,20.8,1,1,0,0,0,20:10:00 12/24/20 MST
75.2,25.8,1,1,0,0,0,20:20:00 12/24/20 MST
74.84,19.1,1,1,0,1,1,20:30:00 12/24/20 MST
76.46,18.4,1,1,0,0,0,20:40:00 12/24/20 MST
76.82,24.7,1,1,0,0,0,20:50:00 12/24/20 MST
ERR,ERR,1,1,0,0,0,21:00:00 12/24/20 MST
75.92,28.7,1,1,0,0,0,21:10:00 12/24/20 MST
75.56,29.6,1,1,0,0,0,21:20:00 12/24/20 MST
75.2,29.0,1,1,0,0,0,21:30:00 12/24/20 MST
75.2,29.6,1,1,0,0,0,21:40:00 12/24/20 MST
75.02,30.1,1,1,0,0,0,21:50:00 12/24/20 MST
76.28,19.9,1,1,0,0,0,22:00:00 12/24/20 MST
76.28,26.4,1,1,0,0,0,22:10:00 12/24/20 MST
75.56,28.1,1,1,0,0,0,22:20:00 12/24/20 MST
75.02,28.8,1,1,0,0,0,22:30:00 12/24/20 MST
75.56,19.5,1,1,0,0,0,22:40:00 12/24/20 MST
75.92,26.5,1,1,0,0,0,22:50:00 12/24/20 MST
75.2,28.1,1,1,0,0,0,23:00:00 12/24/20 MST
74.84,28.8,1,1,0,1,1,23:10:00 12/24/20 MST
76.1,24.1,1,1,0,0,0,23:20:00 12/24/20 MST
75.56,26.8,1,1,0,0,0,23:30:00 12/24/20 MST
75.02,28.5,1,1,0,0,0,23:40:00 12/24/20 MST
75.02,29.3,1,1,0,0,0,23:50:00 12/24/20 MST
72.86,20.2,1,1,0,1,1,00:00:00 12/25/20 MST
78.98,17.9,1,1,0,0,0,00:10:00 12/25/20 MST
77.72,23.9,1,1,0,0,0,00:20:00 12/25/20 MST
71.24,24.8,1,1,0,1,1,00:30:00 12/25/20 MST
74.12,19.5,1,1,0,1,1,00:40:00 12/25/20 MST
78.08,22.3,1,1,0,0,0,00:50:00 12/25/20 MST
ERR,ERR,1,1,0,0,0,01:00:00 12/25/20 MST
75.74,28.8,1,1,0,0,0,01:10:00 12/25/20 MST
75.38,29.7,1,1,0,0,0,01:20:00 12/25/20 MST
74.84,30.3,1,1,0,1,1,01:30:00 12/25/20 MST
75.2,19.0,1,1,0,0,0,01:40:00 12/25/20 MST
75.74,26.1,1,1,0,0,0,01:50:00 12/25/20 MST
75.2,29.0,1,1,0,0,0,02:00:01 12/25/20 MST
75.02,29.6,1,1,0,0,0,02:10:00 12/25/20 MST
73.04,20.9,1,1,0,1,1,02:20:00 12/25/20 MST
76.82,23.5,1,1,0,0,0,02:30:00 12/25/20 MST
75.92,27.4,1,1,0,0,0,02:40:00 12/25/20 MST
75.56,28.9,1,1,0,0,0,02:50:00 12/25/20 MST
75.02,29.6,1,1,0,0,0,03:00:00 12/25/20 MST
76.64,19.9,1,1,0,0,0,03:10:00 12/25/20 MST
76.64,26.5,1,1,0,0,0,03:20:00 12/25/20 MST
75.56,28.4,1,1,0,0,0,03:30:00 12/25/20 MST
74.84,31.1,1,1,0,1,1,03:40:00 12/25/20 MST
76.82,24.1,1,1,0,0,0,03:50:00 12/25/20 MST
75.74,28.3,1,1,0,0,0,04:00:00 12/25/20 MST
75.02,29.4,1,1,0,0,0,04:10:00 12/25/20 MST
75.74,20.1,1,1,0,0,0,04:20:00 12/25/20 MST
75.92,26.4,1,1,0,0,0,04:30:00 12/25/20 MST
75.02,29.2,1,1,0,0,0,04:40:00 12/25/20 MST
75.02,20.2,1,1,0,0,0,04:50:00 12/25/20 MST
75.74,27.7,1,1,0,0,0,05:00:00 12/25/20 MST
75.38,28.8,1,1,0,0,0,05:10:00 12/25/20 MST
75.02,29.7,1,1,0,0,0,05:20:00 12/25/20 MST
72.86,20.6,1,1,0,1,1,05:30:00 12/25/20 MST
76.82,23.3,1,1,0,0,0,05:40:00 12/25/20 MST
75.56,27.0,1,1,0,0,0,05:50:01 12/25/20 MST
74.84,29.3,1,1,0,1,1,06:00:00 12/25/20 MST
77.18,18.5,1,1,0,0,0,06:10:00 12/25/20 MST
76.64,25.1,1,1,0,0,0,06:20:00 12/25/20 MST
75.56,28.2,1,1,0,0,0,06:30:00 12/25/20 MST
74.84,29.7,1,1,0,1,1,06:40:00 12/25/20 MST
76.64,23.4,1,1,0,0,0,06:50:00 12/25/20 MST
75.2,28.0,1,1,0,0,0,07:00:00 12/25/20 MST
74.66,29.1,1,1,0,1,1,07:10:00 12/25/20 MST
78.08,18.2,1,1,0,0,0,07:20:00 12/25/20 MST
77.36,24.6,1,1,0,0,0,07:30:00 12/25/20 MST
76.1,27.3,1,1,0,0,0,07:40:00 12/25/20 MST
75.38,29.2,1,1,0,0,0,07:50:00 12/25/20 MST
74.84,29.4,1,1,0,1,1,08:00:00 12/25/20 MST
ERR,ERR,1,1,0,1,1,08:10:00 12/25/20 MST
78.44,21.3,1,1,0,0,0,08:20:00 12/25/20 MST
76.64,26.7,1,1,0,0,0,08:30:00 12/25/20 MST
75.2,27.2,1,1,0,0,0,08:40:00 12/25/20 MST
75.92,18.9,1,1,0,0,0,08:50:00 12/25/20 MST
75.92,25.7,1,1,0,0,0,09:00:00 12/25/20 MST
75.02,28.7,1,1,0,0,0,09:10:00 12/25/20 MST
76.1,18.9,1,1,0,0,0,09:20:00 12/25/20 MST
73.76,15.4,1,1,0,1,1,09:30:00 12/25/20 MST
73.94,18.1,1,1,0,1,1,09:40:00 12/25/20 MST
78.44,20.0,1,1,0,0,0,09:50:00 12/25/20 MST
77.0,22.3,1,1,0,0,0,10:00:00 12/25/20 MST
76.1,24.5,1,1,0,0,0,10:10:00 12/25/20 MST
75.38,26.6,1,1,0,0,0,10:20:00 12/25/20 MST
74.84,27.2,1,1,0,1,1,10:30:00 12/25/20 MST
75.2,20.0,1,1,0,0,0,10:40:00 12/25/20 MST
75.02,23.3,1,1,0,0,0,10:50:00 12/25/20 MST
75.92,17.6,1,1,0,0,0,11:00:00 12/25/20 MST
75.74,22.6,1,1,0,0,0,11:10:00 12/25/20 MST
ERR,ERR,1,1,0,0,0,11:20:00 12/25/20 MST
75.02,26.9,1,1,0,0,0,11:30:00 12/25/20 MST
75.2,27.5,1,1,0,0,0,11:40:00 12/25/20 MST
75.2,28.7,1,1,0,0,0,11:50:00 12/25/20 MST
ERR,ERR,1,1,0,0,0,12:00:00 12/25/20 MST
75.2,28.0,1,1,0,0,0,12:10:00 12/25/20 MST
75.38,28.8,1,1,0,0,0,12:20:00 12/25/20 MST
74.84,29.4,1,1,0,1,1,12:30:00 12/25/20 MST
76.82,20.8,1,1,0,0,0,12:40:00 12/25/20 MST
76.64,25.5,1,1,0,0,0,12:50:00 12/25/20 MST
76.28,26.4,1,1,0,0,0,13:00:00 12/25/20 MST
75.92,27.3,1,1,0,0,0,13:10:00 12/25/20 MST
76.1,27.8,1,1,0,0,0,13:20:00 12/25/20 MST
76.28,28.7,1,1,0,0,0,13:30:00 12/25/20 MST
76.1,29.1,1,1,0,0,0,13:40:00 12/25/20 MST
76.28,28.5,1,1,0,0,0,13:50:00 12/25/20 MST
76.46,29.2,0,0,0,0,0,14:00:00 12/25/20 MST
70.16,35.0,0,0,0,1,1,14:10:00 12/25/20 MST
73.22,20.9,0,0,0,1,1,14:20:00 12/25/20 MST
73.04,20.0,0,0,0,1,1,14:30:00 12/25/20 MST
ERR,ERR,0,0,0,1,1,14:40:00 12/25/20 MST
75.02,19.7,0,0,0,0,0,14:50:00 12/25/20 MST
71.42,21.4,0,0,0,1,1,15:00:00 12/25/20 MST
72.14,19.2,0,0,0,1,1,15:10:00 12/25/20 MST
73.22,21.0,0,0,0,1,1,15:20:00 12/25/20 MST
73.58,18.9,0,0,0,1,1,15:30:00 12/25/20 MST
72.32,20.1,0,0,0,1,1,15:40:00 12/25/20 MST
76.28,19.0,0,0,0,0,0,15:50:00 12/25/20 MST
73.4,20.1,0,0,0,1,1,16:00:00 12/25/20 MST
ERR,ERR,0,0,0,1,1,16:10:00 12/25/20 MST
75.74,19.4,0,0,0,0,0,16:20:00 12/25/20 MST
73.4,20.8,0,0,0,1,1,16:30:00 12/25/20 MST
72.68,20.8,0,0,0,1,1,16:40:00 12/25/20 MST
ERR,ERR,0,0,0,1,1,16:50:00 12/25/20 MST
73.22,22.9,0,0,0,1,1,17:00:00 12/25/20 MST
ERR,ERR,0,0,0,1,1,17:10:00 12/25/20 MST
76.1,19.7,0,0,0,0,0,17:20:00 12/25/20 MST
73.4,20.6,0,0,0,1,1,17:30:00 12/25/20 MST
ERR,ERR,0,0,0,1,1,17:40:00 12/25/20 MST
76.1,19.5,0,0,0,0,0,17:50:00 12/25/20 MST
73.4,20.6,0,0,0,1,1,18:00:00 12/25/20 MST
72.68,20.5,0,0,0,1,1,18:10:00 12/25/20 MST
77.0,19.3,0,0,0,0,0,18:20:00 12/25/20 MST
71.24,25.8,0,0,0,1,1,18:30:00 12/25/20 MST
72.5,20.1,0,0,0,1,1,18:40:00 12/25/20 MST
73.94,20.4,0,0,0,1,1,18:50:00 12/25/20 MST
73.94,21.9,0,0,0,1,1,19:00:00 12/25/20 MST
73.4,19.2,0,0,0,1,1,19:10:00 12/25/20 MST
72.86,19.9,0,0,0,1,1,19:20:00 12/25/20 MST
74.12,21.5,0,0,0,1,1,19:30:00 12/25/20 MST
74.84,18.4,0,0,0,1,1,19:40:00 12/25/20 MST
72.5,19.1,0,0,0,1,1,19:50:00 12/25/20 MST
75.56,18.9,1,1,0,0,0,20:00:00 12/25/20 MST
77.36,22.2,1,1,0,0,0,20:10:00 12/25/20 MST
76.64,25.7,1,1,0,0,0,20:20:00 12/25/20 MST
76.64,25.9,1,1,0,0,0,20:30:00 12/25/20 MST
76.46,26.3,1,1,0,0,0,20:40:00 12/25/20 MST
77.18,26.4,1,1,0,0,0,20:50:00 12/25/20 MST
77.18,27.3,1,1,0,0,0,21:00:00 12/25/20 MST
77.18,27.0,1,1,0,0,0,21:10:00 12/25/20 MST
77.18,27.7,1,1,0,0,0,21:20:00 12/25/20 MST
77.18,27.8,1,1,0,0,0,21:30:00 12/25/20 MST
77.18,28.7,1,1,0,0,0,21:40:00 12/25/20 MST
77.0,28.1,1,1,0,0,0,21:50:00 12/25/20 MST
77.18,28.4,1,1,0,0,0,22:00:00 12/25/20 MST
77.18,28.1,1,1,0,0,0,22:10:00 12/25/20 MST
76.82,27.9,1,1,0,0,0,22:20:00 12/25/20 MST
76.64,28.1,1,1,0,0,0,22:30:00 12/25/20 MST
76.82,29.2,1,1,0,0,0,22:40:00 12/25/20 MST
76.1,28.8,1,1,0,0,0,22:50:00 12/25/20 MST
76.82,28.8,1,1,0,0,0,23:00:00 12/25/20 MST
77.0,29.2,1,1,0,0,0,23:10:00 12/25/20 MST
76.82,29.7,1,1,0,0,0,23:20:00 12/25/20 MST
76.46,27.5,1,1,0,0,0,23:30:00 12/25/20 MST
76.64,28.2,1,1,0,0,0,23:40:00 12/25/20 MST
76.64,29.1,1,1,0,0,0,23:50:00 12/25/20 MST
ERR,ERR,1,1,0,0,0,00:00:00 12/26/20 MST
76.46,28.4,1,1,0,0,0,00:10:00 12/26/20 MST
76.46,29.1,1,1,0,0,0,00:20:00 12/26/20 MST
76.28,29.4,1,1,0,0,0,00:30:00 12/26/20 MST
76.1,28.5,1,1,0,0,0,00:40:00 12/26/20 MST
65.3,22.8,1,1,0,1,1,00:50:00 12/26/20 MST
66.38,20.2,1,1,0,1,1,01:00:00 12/26/20 MST
73.04,18.9,1,1,0,1,1,01:10:00 12/26/20 MST
77.18,19.8,1,1,0,0,0,01:20:00 12/26/20 MST
75.92,23.9,1,1,0,0,0,01:30:00 12/26/20 MST
76.1,24.9,1,1,0,0,0,01:40:00 12/26/20 MST
75.56,27.2,1,1,0,0,0,01:50:00 12/26/20 MST
75.2,28.5,1,1,0,0,0,02:00:00 12/26/20 MST
75.2,28.1,1,1,0,0,0,02:10:00 12/26/20 MST
75.02,28.4,1,1,0,0,0,02:20:00 12/26/20 MST
75.02,28.3,1,1,0,0,0,02:30:00 12/26/20 MST
71.42,20.1,1,1,0,1,1,02:40:00 12/26/20 MST
76.46,17.4,1,1,0,0,0,02:50:00 12/26/20 MST
75.74,21.6,1,1,0,0,0,03:00:00 12/26/20 MST
75.38,25.9,1,1,0,0,0,03:10:00 12/26/20 MST
75.02,26.7,1,1,0,0,0,03:20:00 12/26/20 MST
74.48,18.8,1,1,0,1,1,03:30:00 12/26/20 MST
74.48,17.6,1,1,0,1,1,03:40:00 12/26/20 MST
75.92,17.4,1,1,0,0,0,03:50:00 12/26/20 MST
75.92,22.0,1,1,0,0,0,04:00:00 12/26/20 MST
75.56,24.0,1,1,0,0,0,04:10:00 12/26/20 MST
75.38,26.1,1,1,0,0,0,04:20:00 12/26/20 MST
75.02,28.0,1,1,0,0,0,04:30:00 12/26/20 MST
74.66,18.7,1,1,0,1,1,04:40:00 12/26/20 MST
75.38,21.9,1,1,0,0,0,04:50:00 12/26/20 MST
75.02,23.8,1,1,0,0,0,05:00:00 12/26/20 MST
74.84,18.3,1,1,0,1,1,05:10:00 12/26/20 MST
75.74,21.8,1,1,0,0,0,05:20:00 12/26/20 MST
75.2,24.3,1,1,0,0,0,05:30:00 12/26/20 MST
74.84,25.5,1,1,0,1,1,05:40:00 12/26/20 MST
74.66,17.5,1,1,0,1,1,05:50:00 12/26/20 MST
73.76,17.5,1,1,0,1,1,06:00:00 12/26/20 MST
76.82,21.5,1,1,0,0,0,06:10:00 12/26/20 MST
75.74,22.0,1,1,0,0,0,06:20:00 12/26/20 MST
75.56,24.9,1,1,0,0,0,06:30:00 12/26/20 MST
75.2,25.9,1,1,0,0,0,06:40:00 12/26/20 MST
74.84,26.3,1,1,0,1,1,06:50:00 12/26/20 MST
75.02,17.1,1,1,0,0,0,07:00:00 12/26/20 MST
75.02,23.2,1,1,0,0,0,07:10:00 12/26/20 MST
73.04,18.3,1,1,0,1,1,07:20:00 12/26/20 MST
76.28,20.0,1,1,0,0,0,07:30:00 12/26/20 MST
75.38,23.8,1,1,0,0,0,07:40:00 12/26/20 MST
75.2,25.6,1,1,0,0,0,07:50:00 12/26/20 MST
74.84,26.8,1,1,0,1,1,08:00:00 12/26/20 MST
77.36,16.8,1,1,0,0,0,08:10:00 12/26/20 MST
76.28,21.3,1,1,0,0,0,08:20:00 12/26/20 MST
75.74,24.3,1,1,0,0,0,08:30:00 12/26/20 MST
75.2,25.8,1,1,0,0,0,08:40:00 12/26/20 MST
74.84,26.6,1,1,0,1,1,08:50:00 12/26/20 MST
77.36,16.6,1,1,0,0,0,09:00:00 12/26/20 MST
76.1,21.4,1,1,0,0,0,09:10:00 12/26/20 MST
75.74,24.3,1,1,0,0,0,09:20:00 12/26/20 MST
75.2,26.0,1,1,0,0,0,09:30:00 12/26/20 MST
74.84,26.1,1,1,0,1,1,09:40:00 12/26/20 MST
75.74,20.4,1,1,0,0,0,09:50:00 12/26/20 MST
75.38,23.5,1,1,0,0,0,10:00:00 12/26/20 MST
75.2,25.8,1,1,0,0,0,10:10:00 12/26/20 MST
74.84,26.3,1,1,0,1,1,10:20:00 12/26/20 MST
75.92,17.3,1,1,0,0,0,10:30:00 12/26/20 MST
75.56,21.9,1,1,0,0,0,10:40:00 12/26/20 MST
75.38,24.7,1,1,0,0,0,10:50:00 12/26/20 MST
75.2,25.9,1,1,0,0,0,11:00:00 12/26/20 MST
74.66,18.3,1,1,0,1,1,11:10:00 12/26/20 MST
76.64,21.2,1,1,0,0,0,11:20:00 12/26/20 MST
75.92,22.8,1,1,0,0,0,11:30:00 12/26/20 MST
75.74,25.4,1,1,0,0,0,11:40:00 12/26/20 MST
75.38,26.5,1,1,0,0,0,11:50:00 12/26/20 MST
73.4,20.6,1,1,0,1,1,12:00:00 12/26/20 MST
73.76,17.9,1,1,0,1,1,12:10:00 12/26/20 MST
75.56,17.6,1,1,0,0,0,12:20:00 12/26/20 MST
76.28,19.8,1,1,0,0,0,12:30:00 12/26/20 MST
76.46,24.3,1,1,0,0,0,12:40:00 12/26/20 MST
ERR,ERR,1,1,0,0,0,12:50:00 12/26/20 MST
76.28,26.3,1,1,0,0,0,13:00:00 12/26/20 MST
76.1,27.1,1,1,0,0,0,13:10:00 12/26/20 MST
76.1,27.6,1,1,0,0,0,13:20:00 12/26/20 MST
76.28,28.1,1,1,0,0,0,13:30:00 12/26/20 MST
76.28,27.3,1,1,0,0,0,13:40:00 12/26/20 MST
71.96,20.6,1,1,0,1,1,13:50:00 12/26/20 MST
77.0,18.0,0,0,0,0,0,14:00:00 12/26/20 MST
73.22,19.5,0,0,0,1,1,14:10:00 12/26/20 MST
70.88,20.3,0,0,0,1,1,14:20:00 12/26/20 MST
74.48,19.6,0,0,0,1,1,14:30:00 12/26/20 MST
74.12,18.0,0,0,0,1,1,14:40:00 12/26/20 MST
71.96,19.3,0,0,0,1,1,14:50:00 12/26/20 MST
72.32,20.4,0,0,0,1,1,15:00:00 12/26/20 MST
75.38,18.9,0,0,0,0,0,15:10:00 12/26/20 MST
72.86,20.1,0,0,0,1,1,15:20:00 12/26/20 MST
71.42,20.5,0,0,0,1,1,15:30:00 12/26/20 MST
73.4,20.8,0,0,0,1,1,15:40:00 12/26/20 MST
72.14,22.9,0,0,0,1,1,15:50:00 12/26/20 MST
72.14,20.6,0,0,0,1,1,16:00:00 12/26/20 MST
70.7,21.6,0,0,0,1,1,16:10:00 12/26/20 MST
75.2,19.9,0,0,0,0,0,16:20:00 12/26/20 MST
73.04,20.8,0,0,0,1,1,16:30:00 12/26/20 MST
71.78,20.7,0,0,0,1,1,16:40:00 12/26/20 MST
72.68,21.3,0,0,0,1,1,16:50:00 12/26/20 MST
72.68,23.1,0,0,0,1,1,17:00:00 12/26/20 MST
73.22,20.2,0,0,0,1,1,17:10:00 12/26/20 MST
71.24,21.1,0,0,0,1,1,17:20:00 12/26/20 MST
73.04,19.9,0,0,0,1,1,17:30:00 12/26/20 MST
72.32,20.0,0,0,0,1,1,17:40:00 12/26/20 MST
70.7,21.0,0,0,0,1,1,17:50:00 12/26/20 MST
74.3,19.7,0,0,0,1,1,18:00:00 12/26/20 MST
73.04,19.7,0,0,0,1,1,18:10:00 12/26/20 MST
70.52,20.1,0,0,0,1,1,18:20:00 12/26/20 MST
71.96,20.1,0,0,0,1,1,18:30:00 12/26/20 MST
70.34,20.9,0,0,0,1,1,18:40:00 12/26/20 MST
73.58,19.8,0,0,0,1,1,18:50:00 12/26/20 MST
72.32,19.9,0,0,0,1,1,19:00:00 12/26/20 MST
70.34,21.0,0,0,0,1,1,19:10:00 12/26/20 MST
74.12,19.6,0,0,0,1,1,19:20:00 12/26/20 MST
73.04,19.3,0,0,0,1,1,19:30:00 12/26/20 MST
70.52,20.3,0,0,0,1,1,19:40:00 12/26/20 MST
73.4,19.9,0,0,0,1,1,19:50:00 12/26/20 MST
73.04,19.3,1,1,0,1,1,20:00:00 12/26/20 MST
74.12,18.6,1,1,0,1,1,20:10:00 12/26/20 MST
77.9,17.8,1,1,0,0,0,20:20:00 12/26/20 MST
77.36,22.4,1,1,0,0,0,20:30:00 12/26/20 MST
76.82,24.4,1,1,0,0,0,20:40:00 12/26/20 MST
76.64,25.3,1,1,0,0,0,20:50:00 12/26/20 MST
76.46,26.6,1,1,0,0,0,21:00:00 12/26/20 MST
76.46,27.2,1,1,0,0,0,21:10:00 12/26/20 MST
76.64,27.4,1,1,0,0,0,21:20:00 12/26/20 MST
76.46,27.6,1,1,0,0,0,21:30:00 12/26/20 MST
76.1,27.7,1,1,0,0,0,21:40:00 12/26/20 MST
76.28,27.4,1,1,0,0,0,21:50:00 12/26/20 MST
76.64,27.2,1,1,0,0,0,22:00:00 12/26/20 MST
76.64,27.6,1,1,0,0,0,22:10:00 12/26/20 MST
76.46,28.4,1,1,0,0,0,22:20:00 12/26/20 MST
76.1,28.5,1,1,0,0,0,22:30:00 12/26/20 MST
75.92,27.8,1,1,0,0,0,22:40:00 12/26/20 MST
76.28,28.2,1,1,0,0,0,22:50:00 12/26/20 MST
76.28,28.5,1,1,0,0,0,23:00:00 12/26/20 MST
76.1,28.4,1,1,0,0,0,23:10:00 12/26/20 MST
75.74,29.3,1,1,0,0,0,23:20:00 12/26/20 MST
75.92,28.3,1,1,0,0,0,23:30:00 12/26/20 MST
76.1,28.6,1,1,0,0,0,23:40:00 12/26/20 MST
75.92,28.9,1,1,0,0,0,23:50:00 12/26/20 MST
75.56,29.3,1,1,0,0,0,00:00:00 12/27/20 MST
75.56,29.2,1,1,0,0,0,00:10:00 12/27/20 MST
75.92,28.4,1,1,0,0,0,00:20:00 12/27/20 MST
75.92,29.1,1,1,0,0,0,00:30:00 12/27/20 MST
75.56,28.6,1,1,0,0,0,00:40:00 12/27/20 MST
75.38,28.3,1,1,0,0,0,00:50:00 12/27/20 MST
75.56,29.3,1,1,0,0,0,01:00:00 12/27/20 MST
75.74,28.8,1,1,0,0,0,01:10:00 12/27/20 MST
75.56,28.5,1,1,0,0,0,01:20:00 12/27/20 MST
75.2,29.8,1,1,0,0,0,01:30:00 12/27/20 MST
75.2,29.0,1,1,0,0,0,01:40:00 12/27/20 MST
75.38,29.1,1,1,0,0,0,01:50:00 12/27/20 MST
75.2,29.0,1,1,0,0,0,02:00:00 12/27/20 MST
75.02,28.0,1,1,0,0,0,02:10:00 12/27/20 MST
74.48,20.0,1,1,0,1,1,02:20:00 12/27/20 MST
75.56,21.8,1,1,0,0,0,02:30:00 12/27/20 MST
75.56,24.9,1,1,0,0,0,02:40:00 12/27/20 MST
75.38,26.0,1,1,0,0,0,02:50:00 12/27/20 MST
75.38,27.9,1,1,0,0,0,03:00:00 12/27/20 MST
75.56,28.0,1,1,0,0,0,03:10:00 12/27/20 MST
75.2,28.5,1,1,0,0,0,03:20:00 12/27/20 MST
74.84,28.1,1,1,0,1,1,03:30:00 12/27/20 MST
75.74,18.1,1,1,0,0,0,03:40:00 12/27/20 MST
75.56,22.5,1,1,0,0,0,03:50:00 12/27/20 MST
75.38,26.1,1,1,0,0,0,04:00:00 12/27/20 MST
75.02,25.8,1,1,0,0,0,04:10:00 12/27/20 MST
75.02,27.3,1,1,0,0,0,04:20:00 12/27/20 MST
75.02,28.1,1,1,0,0,0,04:30:01 12/27/20 MST
71.96,20.3,1,1,0,1,1,04:40:00 12/27/20 MST
75.56,18.7,1,1,0,0,0,04:50:00 12/27/20 MST
75.92,21.5,1,1,0,0,0,05:00:00 12/27/20 MST
75.56,24.8,1,1,0,0,0,05:10:00 12/27/20 MST
75.38,25.7,1,1,0,0,0,05:20:00 12/27/20 MST
74.84,27.6,1,1,0,1,1,05:30:00 12/27/20 MST
76.1,18.3,1,1,0,0,0,05:40:00 12/27/20 MST
75.92,22.6,1,1,0,0,0,05:50:00 12/27/20 MST
75.56,24.9,1,1,0,0,0,06:00:00 12/27/20 MST
75.38,26.6,1,1,0,0,0,06:10:00 12/27/20 MST
74.84,26.8,1,1,0,1,1,06:20:00 12/27/20 MST
76.1,18.1,1,1,0,0,0,06:30:00 12/27/20 MST
75.56,22.4,1,1,0,0,0,06:40:00 12/27/20 MST
75.2,24.7,1,1,0,0,0,06:50:00 12/27/20 MST
74.84,26.3,1,1,0,1,1,07:00:00 12/27/20 MST
73.04,18.6,1,1,0,1,1,07:10:00 12/27/20 MST
76.82,20.9,1,1,0,0,0,07:20:00 12/27/20 MST
75.56,21.8,1,1,0,0,0,07:30:00 12/27/20 MST
75.02,24.8,1,1,0,0,0,07:40:00 12/27/20 MST
72.32,19.2,1,1,0,1,1,07:50:00 12/27/20 MST
76.46,17.3,1,1,0,0,0,08:00:00 12/27/20 MST
75.74,22.3,1,1,0,0,0,08:10:00 12/27/20 MST
75.2,24.1,1,1,0,0,0,08:20:00 12/27/20 MST
74.66,25.7,1,1,0,1,1,08:30:00 12/27/20 MST
72.86,18.2,1,1,0,1,1,08:40:00 12/27/20 MST
76.1,20.2,1,1,0,0,0,08:50:00 12/27/20 MST
74.66,21.2,1,1,0,1,1,09:00:00 12/27/20 MST
73.22,17.4,1,1,0,1,1,09:10:00 12/27/20 MST
75.74,17.2,1,1,0,0,0,09:20:00 12/27/20 MST
75.56,21.1,1,1,0,0,0,09:30:00 12/27/20 MST
74.84,22.6,1,1,0,1,1,09:40:00 12/27/20 MST
73.76,17.3,1,1,0,1,1,09:50:00 12/27/20 MST
73.94,17.8,1,1,0,1,1,10:00:00 12/27/20 MST
78.62,18.7,1,1,0,0,0,10:10:00 12/27/20 MST
76.46,24.7,1,1,0,0,0,10:20:00 12/27/20 MST
75.56,25.8,1,1,0,0,0,10:30:00 12/27/20 MST
74.66,25.9,1,1,0,1,1,10:40:00 12/27/20 MST
72.14,18.2,1,1,0,1,1,10:50:00 12/27/20 MST
77.0,19.9,1,1,0,0,0,11:00:00 12/27/20 MST
75.74,23.6,1,1,0,0,0,11:10:00 12/27/20 MST
74.84,25.2,1,1,0,1,1,11:20:00 12/27/20 MST
69.98,17.4,1,1,0,1,1,11:30:00 12/27/20 MST
63.68,23.1,1,1,0,1,1,11:40:00 12/27/20 MST
73.76,21.2,1,1,0,1,1,11:50:00 12/27/20 MST
75.92,21.7,1,1,0,0,0,12:00:00 12/27/20 MST
75.2,26.7,1,1,0,0,0,12:10:00 12/27/20 MST
73.94,20.9,1,1,0,1,1,12:20:00 12/27/20 MST
76.82,21.2,1,1,0,0,0,12:30:00 12/27/20 MST
75.92,25.8,1,1,0,0,0,12:40:00 12/27/20 MST
75.38,27.4,1,1,0,0,0,12:50:00 12/27/20 MST
74.84,29.2,1,1,0,1,1,13:00:00 12/27/20 MST
75.38,20.1,1,1,0,0,0,13:10:00 12/27/20 MST
76.28,24.8,1,1,0,0,0,13:20:00 12/27/20 MST
75.92,27.2,1,1,0,0,0,13:30:00 12/27/20 MST
75.56,28.7,1,1,0,0,0,13:40:00 12/27/20 MST
75.2,29.8,1,1,0,0,0,13:50:00 12/27/20 MST
75.56,21.0,0,0,0,0,0,14:00:00 12/27/20 MST
71.96,21.3,0,0,0,1,1,14:10:00 12/27/20 MST
70.52,21.5,0,0,0,1,1,14:20:00 12/27/20 MST
69.26,22.5,0,0,0,1,1,14:30:00 12/27/20 MST
72.86,20.3,0,0,0,1,1,14:40:00 12/27/20 MST
71.24,20.4,0,0,0,1,1,14:50:00 12/27/20 MST
68.36,22.3,0,0,0,1,1,15:00:00 12/27/20 MST
72.86,20.7,0,0,0,1,1,15:10:00 12/27/20 MST
72.32,19.9,0,0,0,1,1,15:20:00 12/27/20 MST
69.8,21.0,0,0,0,1,1,15:30:00 12/27/20 MST
69.98,22.0,0,0,0,1,1,15:40:00 12/27/20 MST
72.5,19.9,0,0,0,1,1,15:50:00 12/27/20 MST
70.16,20.5,0,0,0,1,1,16:00:00 12/27/20 MST
68.9,22.5,0,0,0,1,1,16:10:00 12/27/20 MST
72.68,18.2,0,0,0,1,1,16:20:00 12/27/20 MST
70.88,18.9,0,0,0,1,1,16:30:00 12/27/20 MST
68.36,21.0,0,0,0,1,1,16:40:00 12/27/20 MST
73.58,19.3,0,0,0,1,1,16:50:00 12/27/20 MST
73.22,18.6,0,0,0,1,1,17:00:00 12/27/20 MST
70.34,19.8,0,0,0,1,1,17:10:00 12/27/20 MST
68.36,21.2,0,0,0,1,1,17:20:00 12/27/20 MST
72.32,19.6,0,0,0,1,1,17:30:00 12/27/20 MST
71.24,19.4,0,0,0,1,1,17:40:00 12/27/20 MST
68.36,20.8,0,0,0,1,1,17:50:00 12/27/20 MST
71.42,20.6,0,0,0,1,1,18:00:00 12/27/20 MST
70.16,21.5,0,0,0,1,1,18:10:00 12/27/20 MST
69.26,18.3,0,0,0,1,1,18:20:00 12/27/20 MST
67.64,20.4,0,0,0,1,1,18:30:00 12/27/20 MST
71.42,18.8,0,0,0,1,1,18:40:00 12/27/20 MST
69.8,19.2,0,0,0,1,1,18:50:00 12/27/20 MST
67.64,20.8,0,0,0,1,1,19:00:00 12/27/20 MST
70.7,19.5,0,0,0,1,1,19:10:00 12/27/20 MST
69.26,19.9,0,0,0,1,1,19:20:00 12/27/20 MST
63.68,21.5,0,0,0,1,1,19:30:00 12/27/20 MST
63.32,21.3,0,0,0,1,1,19:40:00 12/27/20 MST
68.72,21.5,0,0,0,1,1,19:50:00 12/27/20 MST
67.82,22.0,1,1,0,1,1,20:00:00 12/27/20 MST
75.2,18.7,1,1,0,0,0,20:10:00 12/27/20 MST
75.02,22.4,1,1,0,0,0,20:20:00 12/27/20 MST
74.48,19.8,1,1,0,1,1,20:30:00 12/27/20 MST
74.3,19.4,1,1,0,1,1,20:40:00 12/27/20 MST
76.82,20.6,1,1,0,0,0,20:50:00 12/27/20 MST
76.64,25.4,1,1,0,0,0,21:00:00 12/27/20 MST
76.46,28.2,1,1,0,0,0,21:10:00 12/27/20 MST
76.1,29.1,1,1,0,0,0,21:20:00 12/27/20 MST
75.56,29.2,1,1,0,0,0,21:30:00 12/27/20 MST
75.02,28.6,1,1,0,0,0,21:40:00 12/27/20 MST
75.02,29.1,1,1,0,0,0,21:50:00 12/27/20 MST
75.02,29.7,1,1,0,0,0,22:00:00 12/27/20 MST
73.58,20.6,1,1,0,1,1,22:10:00 12/27/20 MST
74.48,20.0,1,1,0,1,1,22:20:00 12/27/20 MST
77.72,21.0,1,1,0,0,0,22:30:00 12/27/20 MST
76.46,25.7,1,1,0,0,0,22:40:00 12/27/20 MST
75.56,28.0,1,1,0,0,0,22:50:00 12/27/20 MST
74.84,29.3,1,1,0,1,1,23:00:00 12/27/20 MST
74.48,19.7,1,1,0,1,1,23:10:00 12/27/20 MST
77.54,21.0,1,1,0,0,0,23:20:00 12/27/20 MST
76.1,26.3,1,1,0,0,0,23:30:00 12/27/20 MST
75.38,29.0,1,1,0,0,0,23:40:00 12/27/20 MST
74.66,29.5,1,1,0,1,1,23:50:00 12/27/20 MST
74.84,19.7,1,1,0,1,1,00:00:00 12/28/20 MST
77.54,20.5,1,1,0,0,0,00:10:00 12/28/20 MST
76.1,26.7,1,1,0,0,0,00:20:00 12/28/20 MST
75.02,28.0,1,1,0,0,0,00:30:00 12/28/20 MST
73.22,19.9,1,1,0,1,1,00:40:00 12/28/20 MST
76.1,18.8,1,1,0,0,0,00:50:00 12/28/20 MST
76.1,25.0,1,1,0,0,0,01:00:00 12/28/20 MST
75.2,27.9,1,1,0,0,0,01:10:00 12/28/20 MST
73.76,19.7,1,1,0,1,1,01:20:00 12/28/20 MST
74.12,19.6,1,1,0,1,1,01:30:00 12/28/20 MST
77.36,21.1,1,1,0,0,0,01:40:00 12/28/20 MST
75.74,26.0,1,1,0,0,0,01:50:00 12/28/20 MST
75.02,29.1,1,1,0,0,0,02:00:00 12/28/20 MST
73.4,20.4,1,1,0,1,1,02:10:00 12/28/20 MST
75.2,19.7,1,1,0,0,0,02:20:00 12/28/20 MST
75.74,24.3,1,1,0,0,0,02:30:00 12/28/20 MST
75.02,28.0,1,1,0,0,0,02:40:00 12/28/20 MST
73.76,20.4,1,1,0,1,1,02:50:00 12/28/20 MST
73.4,20.1,1,1,0,1,1,03:00:00 12/28/20 MST
76.28,21.4,1,1,0,0,0,03:10:00 12/28/20 MST
75.2,27.0,1,1,0,0,0,03:20:00 12/28/20 MST
73.76,20.5,1,1,0,1,1,03:30:00 12/28/20 MST
73.94,20.4,1,1,0,1,1,03:40:00 12/28/20 MST
77.18,20.7,1,1,0,0,0,03:50:00 12/28/20 MST
75.56,26.6,1,1,0,0,0,04:00:00 12/28/20 MST
74.84,28.7,1,1,0,1,1,04:10:00 12/28/20 MST
73.22,20.3,1,1,0,1,1,04:20:00 12/28/20 MST
76.28,19.8,1,1,0,0,0,04:30:00 12/28/20 MST
76.28,24.6,1,1,0,0,0,04:40:00 12/28/20 MST
75.2,27.9,1,1,0,0,0,04:50:00 12/28/20 MST
73.76,20.6,1,1,0,1,1,05:00:00 12/28/20 MST
73.58,19.8,1,1,0,1,1,05:10:00 12/28/20 MST
76.82,21.2,1,1,0,0,0,05:20:00 12/28/20 MST
75.56,26.9,1,1,0,0,0,05:30:00 12/28/20 MST
74.84,29.0,1,1,0,1,1,05:40:00 12/28/20 MST
73.22,20.3,1,1,0,1,1,05:50:00 12/28/20 MST
75.74,19.9,1,1,0,0,0,06:00:00 12/28/20 MST
76.1,24.2,1,1,0,0,0,06:10:00 12/28/20 MST
75.02,28.4,1,1,0,0,0,06:20:00 12/28/20 MST
73.76,20.7,1,1,0,1,1,06:30:00 12/28/20 MST
73.4,20.4,1,1,0,1,1,06:40:00 12/28/20 MST
76.28,21.5,1,1,0,0,0,06:50:00 12/28/20 MST
75.02,27.1,1,1,0,0,0,07:00:00 12/28/20 MST
73.76,20.5,1,1,0,1,1,07:10:00 12/28/20 MST
73.22,20.6,1,1,0,1,1,07:20:00 12/28/20 MST
76.28,21.4,1,1,0,0,0,07:30:01 12/28/20 MST
75.02,26.0,1,1,0,0,0,07:40:00 12/28/20 MST
73.76,20.6,1,1,0,1,1,07:50:00 12/28/20 MST
73.22,20.5,1,1,0,1,1,08:00:00 12/28/20 MST
76.1,21.6,1,1,0,0,0,08:10:00 12/28/20 MST
75.02,26.9,1,1,0,0,0,08:20:00 12/28/20 MST
74.12,20.5,1,1,0,1,1,08:30:00 12/28/20 MST
73.22,20.1,1,1,0,1,1,08:40:00 12/28/20 MST
76.1,19.7,1,1,0,0,0,08:50:00 12/28/20 MST
75.2,21.0,1,1,0,0,0,09:00:00 12/28/20 MST
72.86,21.1,1,1,0,1,1,09:10:00 12/28/20 MST
72.5,20.7,1,1,0,1,1,09:20:00 12/28/20 MST
76.28,19.3,1,1,0,0,0,09:30:00 12/28/20 MST
75.92,23.4,1,1,0,0,0,09:40:00 12/28/20 MST
74.48,27.8,1,1,0,1,1,09:50:00 12/28/20 MST
72.86,20.7,1,1,0,1,1,10:00:00 12/28/20 MST
75.74,19.8,1,1,0,0,0,10:10:00 12/28/20 MST
75.56,25.1,1,1,0,0,0,10:20:00 12/28/20 MST
74.48,28.0,1,1,0,1,1,10:30:00 12/28/20 MST
73.22,20.5,1,1,0,1,1,10:40:00 12/28/20 MST
75.2,20.5,1,1,0,0,0,10:50:00 12/28/20 MST
75.56,25.3,1,1,0,0,0,11:00:00 12/28/20 MST
74.48,20.5,1,1,0,1,1,11:10:00 12/28/20 MST
73.58,20.3,1,1,0,1,1,11:20:00 12/28/20 MST
76.28,20.0,0,0,0,0,0,11:30:00 12/28/20 MST
74.3,21.9,1,1,0,1,1,11:40:00 12/28/20 MST
ERR,ERR,1,1,0,0,0,11:50:01 12/28/20 MST
72.14,22.5,1,1,0,1,1,12:00:00 12/28/20 MST
76.1,20.5,1,1,0,0,0,12:10:00 12/28/20 MST
75.56,25.5,1,1,0,0,0,12:20:00 12/28/20 MST
74.66,28.8,1,1,0,1,1,12:30:00 12/28/20 MST
ERR,ERR,1,1,0,1,1,12:40:00 12/28/20 MST
75.92,20.7,1,1,0,0,0,12:50:00 12/28/20 MST
72.32,25.9,1,1,0,1,1,13:00:00 12/28/20 MST
73.04,25.6,1,1,0,1,1,13:10:00 12/28/20 MST
72.68,21.7,1,1,0,1,1,13:20:00 12/28/20 MST
ERR,ERR,1,1,0,1,1,13:30:00 12/28/20 MST
76.46,22.6,1,1,0,0,0,13:40:00 12/28/20 MST
75.2,27.4,1,1,0,0,0,13:50:00 12/28/20 MST
73.58,22.0,0,0,0,1,1,14:00:00 12/28/20 MST
69.62,25.0,0,0,0,1,1,14:10:00 12/28/20 MST
72.14,22.7,0,0,0,1,1,14:20:00 12/28/20 MST
68.9,23.7,0,0,0,1,1,14:30:00 12/28/20 MST
66.2,23.5,1,1,0,1,1,14:40:00 12/28/20 MST
64.22,26.3,1,1,0,1,1,14:50:00 12/28/20 MST
69.62,23.1,1,1,0,1,1,15:00:00 12/28/20 MST
70.52,25.7,1,1,0,1,1,15:10:00 12/28/20 MST
74.84,22.6,1,1,0,1,1,15:20:00 12/28/20 MST
71.96,23.2,0,0,0,1,1,15:30:00 12/28/20 MST
67.82,26.6,0,0,0,1,1,15:40:00 12/28/20 MST
71.78,24.2,0,0,0,1,1,15:50:00 12/28/20 MST
70.16,24.7,0,0,0,1,1,16:00:00 12/28/20 MST
67.46,27.7,0,0,0,1,1,16:10:00 12/28/20 MST
70.52,25.7,0,0,0,1,1,16:20:00 12/28/20 MST
69.26,25.5,0,0,0,1,1,16:30:00 12/28/20 MST
66.92,27.1,0,0,0,1,1,16:40:00 12/28/20 MST
70.52,25.5,0,0,0,1,1,16:50:00 12/28/20 MST
69.44,24.5,0,0,0,1,1,17:00:00 12/28/20 MST
67.1,25.8,0,0,0,1,1,17:10:00 12/28/20 MST
70.16,27.4,0,0,0,1,1,17:20:00 12/28/20 MST
70.52,25.3,0,0,0,1,1,17:30:00 12/28/20 MST
68.36,25.7,0,0,0,1,1,17:40:00 12/28/20 MST
67.46,26.8,0,0,0,1,1,17:50:00 12/28/20 MST
70.16,26.2,0,0,0,1,1,18:00:00 12/28/20 MST
68.54,24.8,0,0,0,1,1,18:10:00 12/28/20 MST
66.92,27.1,0,0,0,1,1,18:20:00 12/28/20 MST
70.7,26.5,0,0,0,1,1,18:30:00 12/28/20 MST
69.26,25.0,0,0,0,1,1,18:40:00 12/28/20 MST
66.74,25.9,0,0,0,1,1,18:50:00 12/28/20 MST
69.98,25.8,0,0,0,1,1,19:00:00 12/28/20 MST
69.8,24.8,0,0,0,1,1,19:10:00 12/28/20 MST
67.28,25.0,0,0,0,1,1,19:20:00 12/28/20 MST
68.9,26.7,0,0,0,1,1,19:30:00 12/28/20 MST
70.16,24.7,0,0,0,1,1,19:40:00 12/28/20 MST
68.18,25.9,0,0,0,1,1,19:50:00 12/28/20 MST
67.46,26.5,1,1,0,1,1,20:00:00 12/28/20 MST
73.4,22.8,1,1,0,1,1,20:10:00 12/28/20 MST
72.86,22.4,1,1,0,1,1,20:20:00 12/28/20 MST
71.24,23.3,1,1,0,1,1,20:30:00 12/28/20 MST
73.76,22.9,1,1,0,1,1,20:40:00 12/28/20 MST
75.02,21.6,1,1,0,1,1,20:50:00 12/28/20 MST
73.04,22.6,1,1,0,1,1,21:00:00 12/28/20 MST
75.56,22.6,1,1,0,1,1,21:10:00 12/28/20 MST
76.28,21.6,1,1,0,1,1,21:20:00 12/28/20 MST
74.3,22.3,1,1,0,1,1,21:30:00 12/28/20 MST
73.58,23.0,1,1,0,1,1,21:40:00 12/28/20 MST
76.82,21.9,1,1,0,1,1,21:50:00 12/28/20 MST
75.2,21.6,1,1,0,1,1,22:00:00 12/28/20 MST
73.22,23.0,1,1,0,1,1,22:10:00 12/28/20 MST
77.18,21.6,1,1,0,1,1,22:20:00 12/28/20 MST
75.92,21.5,1,1,0,1,1,22:30:00 12/28/20 MST
73.76,22.7,1,1,0,1,1,22:40:00 12/28/20 MST
76.46,22.3,1,1,0,1,1,22:50:00 12/28/20 MST
78.44,20.8,1,1,0,1,1,23:00:00 12/28/20 MST
76.28,21.5,1,1,0,1,1,23:10:00 12/28/20 MST
73.94,22.5,1,1,0,1,1,23:20:00 12/28/20 MST
76.46,22.0,1,1,0,1,1,23:30:00 12/28/20 MST
76.28,21.5,1,1,0,1,1,23:40:00 12/28/20 MST
73.94,22.3,1,1,0,1,1,23:50:00 12/28/20 MST
76.46,22.8,1,1,0,1,1,00:00:00 12/29/20 MST
77.72,21.0,1,1,0,1,1,00:10:00 12/29/20 MST
75.56,21.9,1,1,0,1,1,00:20:00 12/29/20 MST
73.4,23.0,1,1,0,1,1,00:30:01 12/29/20 MST
77.18,21.7,1,1,0,1,1,00:40:00 12/29/20 MST
75.74,21.3,1,1,0,1,1,00:50:00 12/29/20 MST
73.76,22.4,1,1,0,1,1,01:00:00 12/29/20 MST
76.64,22.2,1,1,0,1,1,01:10:00 12/29/20 MST
75.92,21.8,1,1,0,1,1,01:20:00 12/29/20 MST
73.76,22.6,1,1,0,1,1,01:30:00 12/29/20 MST
77.0,22.6,1,1,0,1,1,01:40:00 12/29/20 MST
77.54,21.0,1,1,0,1,1,01:50:00 12/29/20 MST
75.38,21.7,1,1,0,1,1,02:00:00 12/29/20 MST
73.94,23.0,1,1,0,1,1,02:10:00 12/29/20 MST
77.54,21.9,1,1,0,1,1,02:20:00 12/29/20 MST
76.1,21.6,1,1,0,1,1,02:30:00 12/29/20 MST
73.76,22.5,1,1,0,1,1,02:40:00 12/29/20 MST
77.18,22.1,1,1,0,1,1,02:50:00 12/29/20 MST
76.82,21.7,1,1,0,1,1,03:00:00 12/29/20 MST
74.66,22.2,1,1,0,1,1,03:10:00 12/29/20 MST
75.2,22.6,1,1,0,1,1,03:20:00 12/29/20 MST
78.44,20.6,1,1,0,1,1,03:30:00 12/29/20 MST
76.64,21.8,1,1,0,1,1,03:40:00 12/29/20 MST
74.12,22.3,1,1,0,1,1,03:50:00 12/29/20 MST
76.46,22.4,1,1,0,1,1,04:00:00 12/29/20 MST
75.92,21.5,1,1,0,1,1,04:10:00 12/29/20 MST
73.76,22.7,1,1,0,1,1,04:20:00 12/29/20 MST
76.46,22.2,1,1,0,1,1,04:30:00 12/29/20 MST
76.1,21.5,1,1,0,1,1,04:40:00 12/29/20 MST
73.76,22.5,1,1,0,1,1,04:50:00 12/29/20 MST
76.46,22.6,1,1,0,1,1,05:00:00 12/29/20 MST
76.46,21.9,1,1,0,1,1,05:10:00 12/29/20 MST
74.48,22.0,1,1,0,1,1,05:20:00 12/29/20 MST
75.2,23.1,1,1,0,1,1,05:30:00 12/29/20 MST
77.0,21.6,1,1,0,1,1,05:40:00 12/29/20 MST
74.84,21.6,1,1,0,1,1,05:50:00 12/29/20 MST
73.94,23.0,1,1,0,1,1,06:00:00 12/29/20 MST
77.36,21.7,1,1,0,1,1,06:10:00 12/29/20 MST
75.74,21.4,1,1,0,1,1,06:20:00 12/29/20 MST
73.4,22.6,1,1,0,1,1,06:30:00 12/29/20 MST
77.18,22.0,1,1,0,1,1,06:40:00 12/29/20 MST
76.46,21.3,1,1,0,1,1,06:50:00 12/29/20 MST
74.3,21.9,1,1,0,1,1,07:00:00 12/29/20 MST
75.56,22.4,1,1,0,1,1,07:10:00 12/29/20 MST
77.18,21.2,1,1,0,1,1,07:20:00 12/29/20 MST
75.02,21.7,1,1,0,1,1,07:30:00 12/29/20 MST
73.58,22.6,1,1,0,1,1,07:40:00 12/29/20 MST
77.18,21.1,1,1,0,1,1,07:50:00 12/29/20 MST
75.74,21.9,1,1,0,1,1,08:00:00 12/29/20 MST
73.4,22.3,1,1,0,1,1,08:10:00 12/29/20 MST
77.0,21.9,1,1,0,1,1,08:20:00 12/29/20 MST
76.46,21.3,1,1,0,1,1,08:30:00 12/29/20 MST
74.12,21.6,1,1,0,1,1,08:40:00 12/29/20 MST
75.74,22.6,1,1,0,1,1,08:50:00 12/29/20 MST
77.18,21.0,1,1,0,1,1,09:00:00 12/29/20 MST
75.2,21.3,1,1,0,1,1,09:10:00 12/29/20 MST
73.4,22.9,1,1,0,1,1,09:20:00 12/29/20 MST
77.0,21.6,1,1,0,1,1,09:30:00 12/29/20 MST
75.56,21.8,1,1,0,1,1,09:40:00 12/29/20 MST
73.22,22.5,1,1,0,1,1,09:50:00 12/29/20 MST
77.36,21.9,1,1,0,1,1,10:00:00 12/29/20 MST
77.72,21.7,1,1,0,1,1,10:20:58 12/29/20 MST
77.72,21.7,1,1,0,1,1,10:20:59 12/29/20 MST
72.86,23.2,1,1,0,1,1,10:30:00 12/29/20 MST
68.0,27.3,1,1,0,1,1,11:00:00 12/29/20 MST
69.44,25.0,1,1,0,1,1,11:10:00 12/29/20 MST
73.58,23.3,1,1,0,1,1,11:20:00 12/29/20 MST
